Target_Variable,Entropy,Entropy_Weight
Rank,0.9862216746947061,0.2768846345031263
Judge,0.9834983919764204,0.3316108166329315
Fan,0.9805179617770057,0.3915045488639422
