Method,Entertainment,Robustness,Fairness,Fan_Influence,N_Seasons
A,2.186435904328061,0.46083599215087107,0.28948143992808206,0.25730090684567164,34
B,2.423235701558531,0.2828287197231834,0.2894640758160356,0.2725690737151993,34
C,2.1725322162664598,0.6224252391207409,0.3154741993791135,0.3044274238766618,34
