Target,R_Squared,Adjusted_R_Squared,F_P_Value
Y_Rank,0.21352040362913938,0.19918353598696215,3.257787710968637e-17
Y_Judge,0.30046440764678783,0.28771245674451573,1.281217816867218e-26
Y_Fan,0.16971714738043353,0.15458178287955593,6.164751858058807e-13
