Target,Method,R2_or_Nagelkerke_R2,Cox_Snell_R2_or_Adj_R2,Log_Likelihood_or_F_pvalue,N_Observations
Y_Rank (Ordered Logit),Ordered Logit,0.20633642537650934,0.20521244979547393,-976.6592801379566,392
Y_Judge (OLS),OLS,0.30046440764678783,0.28771245674451573,1.281217816867218e-26,392
Y_Fan (OLS),OLS,0.16971714738043353,0.15458178287955593,6.164751858058807e-13,392
