Season,Week,TotalVotes_mean,TotalVotes_median,TotalVotes_sd,TotalVotes_ci95_low,TotalVotes_ci95_high,TotalVotes_min,TotalVotes_max
1,2,2543371.481681253,2583161.011188749,175379.08261242276,2248227.5671496456,2777436.1325510433,2133030.1081497204,2797052.8458630694
1,3,2614881.953913289,2605972.4111478743,36758.02501866238,2549735.272321919,2695673.1987147485,2544585.3138988465,2713091.007126806
1,4,2530090.293806168,2555709.3907283954,143982.68165764847,2288489.9257117915,2717293.355092091,2192954.2043300294,2738837.4859325867
